sample_order,dataset_id,run,question,reason
2,HSQA_1045,1,Is cystic fibrosis usually fatal?,truncated_at_show_more
2,HSQA_1045,2,Is cystic fibrosis usually fatal?,truncated_at_show_more
4,HSQA_1063,1,Is dyspraxia a developmental disability?,truncated_at_show_more
4,HSQA_1063,2,Is dyspraxia a developmental disability?,truncated_at_show_more
8,HSQA_2432,1,What is COPD life expectancy?,truncated_at_show_more
8,HSQA_2432,2,What is COPD life expectancy?,truncated_at_show_more
11,HSQA_0552,1,How do you catch ringworm?,truncated_at_show_more
11,HSQA_0552,2,How do you catch ringworm?,truncated_at_show_more
14,HSQA_2089,1,What do the cancerous moles look like?,truncated_at_show_more
14,HSQA_2089,2,What do the cancerous moles look like?,truncated_at_show_more
21,HSQA_0442,1,How do I fix my drooping face?,truncated_at_show_more
26,HSQA_2447,1,What is dizziness lightheadedness a symptom of?,truncated_at_show_more
26,HSQA_2447,2,What is dizziness lightheadedness a symptom of?,truncated_at_show_more
27,HSQA_1648,1,What are the 7 types of headaches?,truncated_at_show_more
27,HSQA_1648,2,What are the 7 types of headaches?,truncated_at_show_more
32,HSQA_2424,1,What is cerebral palsy life expectancy?,truncated_at_show_more
32,HSQA_2424,2,What is cerebral palsy life expectancy?,truncated_at_show_more
34,HSQA_2948,1,What triggers hidradenitis suppurativa?,truncated_at_show_more
34,HSQA_2948,2,What triggers hidradenitis suppurativa?,truncated_at_show_more
39,HSQA_0559,1,How do you clear up sinusitis?,truncated_at_show_more
39,HSQA_0559,2,How do you clear up sinusitis?,truncated_at_show_more
40,HSQA_1417,1,What are different types of tremors?,truncated_at_show_more
40,HSQA_1417,2,What are different types of tremors?,truncated_at_show_more
